{"v":"4.8.0","meta":{"g":"LottieFiles AE 1.1.0","a":"","k":"","d":"","tc":""},"fr":29.9700012207031,"ip":0,"op":267.000010875133,"w":460,"h":527,"nm":"Temp Hot","ddd":0,"assets":[{"id":"comp_0","layers":[{"ddd":0,"ind":1,"ty":4,"nm":"middle sun","sr":1,"ks":{"o":{"a":0,"k":100,"ix":11},"r":{"a":0,"k":0,"ix":10},"p":{"a":1,"k":[{"i":{"x":0.043,"y":1},"o":{"x":0.333,"y":0},"t":86,"s":[456.613,270.865,0],"to":[-33.5,0,0],"ti":[33.5,0,0]},{"i":{"x":0.043,"y":0.043},"o":{"x":0.333,"y":0.333},"t":129,"s":[255.613,270.865,0],"to":[0,0,0],"ti":[0,0,0]},{"i":{"x":0.183,"y":1},"o":{"x":0.442,"y":0},"t":237,"s":[255.613,270.865,0],"to":[48.5,0,0],"ti":[-48.5,0,0]},{"t":272.000011078787,"s":[546.613,270.865,0]}],"ix":2},"a":{"a":0,"k":[45.001,45.001,0],"ix":1},"s":{"a":0,"k":[100,100,100],"ix":6}},"ao":0,"hasMask":true,"masksProperties":[{"inv":true,"mode":"a","pt":{"a":1,"k":[{"i":{"x":0,"y":1},"o":{"x":0.333,"y":0},"t":86,"s":[{"i":[[0,0],[0,0],[0,0],[0,0]],"o":[[0,0],[0,0],[0,0],[0,0]],"v":[[277.388,-60.864],[-55.112,-60.864],[-55.112,134.136],[277.388,134.136]],"c":true}]},{"i":{"x":0.777,"y":1},"o":{"x":0.333,"y":0},"t":129,"s":[{"i":[[0,0],[0,0],[0,0],[0,0]],"o":[[0,0],[0,0],[0,0],[0,0]],"v":[[497.388,-60.864],[166.888,-60.864],[166.888,134.136],[497.388,134.136]],"c":true}]},{"i":{"x":0.404,"y":1},"o":{"x":0.215,"y":0},"t":242.414,"s":[{"i":[[0,0],[0,0],[0,0],[0,0]],"o":[[0,0],[0,0],[0,0],[0,0]],"v":[[497.388,-60.864],[166.888,-60.864],[166.888,134.136],[497.388,134.136]],"c":true}]},{"t":257.413760484677,"s":[{"i":[[0,0],[0,0],[0,0],[0,0]],"o":[[0,0],[0,0],[0,0],[0,0]],"v":[[265.388,-60.864],[-65.112,-60.864],[-65.112,134.136],[265.388,134.136]],"c":true}]}],"ix":1},"o":{"a":0,"k":100,"ix":3},"x":{"a":0,"k":0,"ix":4},"nm":"Mask 1"}],"shapes":[{"ty":"gr","it":[{"ind":0,"ty":"sh","ix":1,"ks":{"a":0,"k":{"i":[[16.453,0],[0,16.453],[-16.453,0],[0,-16.453]],"o":[[-16.453,0],[0,-16.453],[16.453,0],[0,16.453]],"v":[[0,29.834],[-29.834,0],[0,-29.834],[29.834,0]],"c":true},"ix":2},"nm":"Path 1","mn":"ADBE Vector Shape - Group","hd":false},{"ind":1,"ty":"sh","ix":2,"ks":{"a":0,"k":{"i":[[24.68,0],[0,-24.68],[-24.68,0],[0,24.68]],"o":[[-24.68,0],[0,24.68],[24.68,0],[0,-24.68]],"v":[[0,-44.751],[-44.751,0],[0,44.751],[44.751,0]],"c":true},"ix":2},"nm":"Path 2","mn":"ADBE Vector Shape - Group","hd":false},{"ty":"mm","mm":1,"nm":"Merge Paths 1","mn":"ADBE Vector Filter - Merge","hd":false},{"ty":"fl","c":{"a":0,"k":[0.976470588235,0.857537123736,0.302514409084,1],"ix":4},"o":{"a":0,"k":100,"ix":5},"r":1,"bm":0,"nm":"Fill 1","mn":"ADBE Vector Graphic - Fill","hd":false},{"ty":"tr","p":{"a":0,"k":[45.001,45.001],"ix":2},"a":{"a":0,"k":[0,0],"ix":1},"s":{"a":0,"k":[100,100],"ix":3},"r":{"a":0,"k":0,"ix":6},"o":{"a":0,"k":100,"ix":7},"sk":{"a":0,"k":0,"ix":4},"sa":{"a":0,"k":0,"ix":5},"nm":"Transform"}],"nm":"Group 1","np":4,"cix":2,"bm":0,"ix":1,"mn":"ADBE Vector Group","hd":false}],"ip":0,"op":620.379025268555,"st":0,"bm":0},{"ddd":0,"ind":2,"ty":4,"nm":"sun rays","sr":1,"ks":{"o":{"a":0,"k":100,"ix":11},"r":{"a":1,"k":[{"i":{"x":[0.86],"y":[0.86]},"o":{"x":[0.167],"y":[0.167]},"t":86,"s":[0]},{"t":272.000011078787,"s":[180]}],"ix":10},"p":{"a":1,"k":[{"i":{"x":0.043,"y":1},"o":{"x":0.333,"y":0},"t":86,"s":[456.612,270.865,0],"to":[-33.5,0,0],"ti":[33.5,0,0]},{"i":{"x":0.043,"y":0.043},"o":{"x":0.333,"y":0.333},"t":129,"s":[255.612,270.865,0],"to":[0,0,0],"ti":[0,0,0]},{"i":{"x":0.183,"y":1},"o":{"x":0.442,"y":0},"t":237,"s":[255.612,270.865,0],"to":[48.5,0,0],"ti":[-48.5,0,0]},{"t":272.000011078787,"s":[546.612,270.865,0]}],"ix":2},"a":{"a":0,"k":[78.116,78.115,0],"ix":1},"s":{"a":0,"k":[100,100,100],"ix":6}},"ao":0,"hasMask":true,"masksProperties":[{"inv":true,"mode":"a","pt":{"a":1,"k":[{"i":{"x":0.833,"y":0.833},"o":{"x":0.333,"y":0},"t":86,"s":[{"i":[[0,0],[0,0],[0,0],[0,0],[0,0],[0,0],[0,0],[0,0],[0,0]],"o":[[0,0],[0,0],[0,0],[0,0],[0,0],[0,0],[0,0],[0,0],[0,0]],"v":[[277.043,-18.864],[165.101,-18.908],[-15.457,-18.979],[-15.457,-11.885],[-15.457,176.021],[57.503,316.136],[236.615,288.425],[294.855,232.938],[277.043,176.136]],"c":true}]},{"i":{"x":0.833,"y":0.833},"o":{"x":0.167,"y":0.167},"t":101,"s":[{"i":[[0,0],[0,0],[0,0],[0,0],[0,0],[0,0],[0,0],[0,0],[0,0]],"o":[[0,0],[0,0],[0,0],[0,0],[0,0],[0,0],[0,0],[0,0],[0,0]],"v":[[433.537,-48.694],[299.404,-79.251],[83.054,-128.539],[83.095,-72.698],[156.325,209.028],[259.657,186.875],[398.589,178.845],[431.51,162.766],[433.537,146.306]],"c":true}]},{"i":{"x":0.833,"y":0.833},"o":{"x":0.167,"y":0.167},"t":104,"s":[{"i":[[0,0],[0,0],[0,0],[0,0],[0,0],[0,0],[0,0],[0,0],[0,0]],"o":[[0,0],[0,0],[0,0],[0,0],[0,0],[0,0],[0,0],[0,0],[0,0]],"v":[[453.794,-52.555],[316.789,-87.062],[95.805,-142.721],[95.347,-76.936],[180.365,194.508],[285.824,170.143],[419.555,164.661],[449.198,153.683],[453.794,142.445]],"c":true}]},{"i":{"x":0,"y":1},"o":{"x":0.167,"y":0.167},"t":108,"s":[{"i":[[0,0],[0,0],[0,0],[0,0],[0,0],[0,0],[0,0],[0,0],[0,0]],"o":[[0,0],[0,0],[0,0],[0,0],[0,0],[0,0],[0,0],[0,0],[0,0]],"v":[[475.396,-56.672],[335.327,-95.392],[109.403,-157.844],[99.551,-86.875],[201.005,174.071],[313.728,152.301],[441.913,149.535],[468.061,143.997],[475.396,138.328]],"c":true}]},{"i":{"x":0.833,"y":0.833},"o":{"x":0.333,"y":0},"t":129,"s":[{"i":[[0,0],[0,0],[0,0],[0,0],[0,0],[0,0],[0,0],[0,0],[0,0]],"o":[[0,0],[0,0],[0,0],[0,0],[0,0],[0,0],[0,0],[0,0],[0,0]],"v":[[497.388,-60.864],[354.201,-103.872],[123.247,-173.241],[74.892,-87.884],[278.332,142.148],[342.137,134.136],[464.676,134.136],[487.266,134.136],[497.388,134.136]],"c":true}]},{"i":{"x":0.833,"y":0.833},"o":{"x":0.167,"y":0.167},"t":178,"s":[{"i":[[0,0],[0,0],[0,0],[0,0],[0,0],[0,0],[0,0],[0,0],[0,0]],"o":[[0,0],[0,0],[0,0],[0,0],[0,0],[0,0],[0,0],[0,0],[0,0]],"v":[[171.522,-341.339],[84.146,-263.279],[-56.786,-137.371],[-55.345,-30.518],[181.982,-29.505],[279.499,131.416],[417.177,131.416],[490.336,131.416],[496.871,96.855]],"c":true}]},{"i":{"x":0.833,"y":1},"o":{"x":0.167,"y":0.167},"t":237,"s":[{"i":[[0,0],[0,0],[0,0],[0,0],[0,0],[0,0],[0,0],[0,0],[0,0]],"o":[[0,0],[0,0],[0,0],[0,0],[0,0],[0,0],[0,0],[0,0],[0,0]],"v":[[171.522,-341.339],[84.146,-263.279],[-56.786,-137.371],[-55.345,-30.518],[181.982,-29.505],[279.499,131.416],[417.177,131.416],[490.336,131.416],[496.871,96.855]],"c":true}]},{"i":{"x":0.623,"y":1},"o":{"x":0.215,"y":0},"t":242,"s":[{"i":[[0,0],[0,0],[0,0],[0,0],[0,0],[0,0],[0,0],[0,0],[0,0]],"o":[[0,0],[0,0],[0,0],[0,0],[0,0],[0,0],[0,0],[0,0],[0,0]],"v":[[-231.114,-197.827],[-205.637,-83.464],[-164.545,100.999],[-70.584,151.9],[46.15,-54.736],[234.198,-61.292],[301.405,-181.453],[337.117,-245.303],[310.143,-267.877]],"c":true}]},{"t":257.000010467825,"s":[{"i":[[0,0],[0,0],[0,0],[0,0],[0,0],[0,0],[0,0],[0,0],[0,0]],"o":[[0,0],[0,0],[0,0],[0,0],[0,0],[0,0],[0,0],[0,0],[0,0]],"v":[[-95.168,-19.533],[-122.6,197.834],[50.821,249.568],[155.141,272.741],[210.712,42.01],[389.747,-15.881],[421.413,-149.868],[438.24,-221.066],[406.109,-235.374]],"c":true}]}],"ix":1},"o":{"a":0,"k":100,"ix":3},"x":{"a":0,"k":0,"ix":4},"nm":"Mask 1"}],"shapes":[{"ty":"gr","it":[{"ind":0,"ty":"sh","ix":1,"ks":{"a":0,"k":{"i":[[-1.855,-1.855],[0,0],[1.855,-1.855],[0,0],[1.855,1.855],[0,0],[-1.855,1.855],[0,0]],"o":[[0,0],[1.855,1.855],[0,0],[-1.855,1.855],[0,0],[-1.855,-1.855],[0,0],[1.855,-1.855]],"v":[[5.861,-9.155],[9.155,-5.861],[9.155,0.856],[0.856,9.155],[-5.861,9.155],[-9.155,5.861],[-9.155,-0.856],[-0.856,-9.155]],"c":true},"ix":2},"nm":"Path 1","mn":"ADBE Vector Shape - Group","hd":false},{"ty":"fl","c":{"a":0,"k":[0.976470588235,0.857537123736,0.302514409084,1],"ix":4},"o":{"a":0,"k":100,"ix":5},"r":1,"bm":0,"nm":"Fill 1","mn":"ADBE Vector Graphic - Fill","hd":false},{"ty":"tr","p":{"a":0,"k":[125.67,30.568],"ix":2},"a":{"a":0,"k":[0,0],"ix":1},"s":{"a":0,"k":[100,100],"ix":3},"r":{"a":0,"k":0,"ix":6},"o":{"a":0,"k":100,"ix":7},"sk":{"a":0,"k":0,"ix":4},"sa":{"a":0,"k":0,"ix":5},"nm":"Transform"}],"nm":"Group 1","np":2,"cix":2,"bm":0,"ix":1,"mn":"ADBE Vector Group","hd":false},{"ty":"gr","it":[{"ind":0,"ty":"sh","ix":1,"ks":{"a":0,"k":{"i":[[-2.623,0],[0,0],[0,-2.624],[0,0],[2.623,0],[0,0],[0,2.623],[0,0]],"o":[[0,0],[2.623,0],[0,0],[0,2.623],[0,0],[-2.623,0],[0,0],[0,-2.624]],"v":[[-5.868,-7.079],[5.869,-7.079],[10.618,-2.329],[10.618,2.33],[5.869,7.079],[-5.868,7.079],[-10.618,2.33],[-10.618,-2.329]],"c":true},"ix":2},"nm":"Path 1","mn":"ADBE Vector Shape - Group","hd":false},{"ty":"fl","c":{"a":0,"k":[0.976470588235,0.857537123736,0.302514409084,1],"ix":4},"o":{"a":0,"k":100,"ix":5},"r":1,"bm":0,"nm":"Fill 1","mn":"ADBE Vector Graphic - Fill","hd":false},{"ty":"tr","p":{"a":0,"k":[145.363,78.115],"ix":2},"a":{"a":0,"k":[0,0],"ix":1},"s":{"a":0,"k":[100,100],"ix":3},"r":{"a":0,"k":0,"ix":6},"o":{"a":0,"k":100,"ix":7},"sk":{"a":0,"k":0,"ix":4},"sa":{"a":0,"k":0,"ix":5},"nm":"Transform"}],"nm":"Group 2","np":2,"cix":2,"bm":0,"ix":2,"mn":"ADBE Vector Group","hd":false},{"ty":"gr","it":[{"ind":0,"ty":"sh","ix":1,"ks":{"a":0,"k":{"i":[[-1.855,-1.855],[0,0],[1.855,-1.854],[0,0],[1.854,1.856],[0,0],[-1.855,1.855],[0,0]],"o":[[0,0],[1.854,1.855],[0,0],[-1.855,1.855],[0,0],[-1.855,-1.855],[0,0],[1.855,-1.855]],"v":[[0.858,-9.155],[9.156,-0.855],[9.154,5.863],[5.861,9.156],[-0.857,9.155],[-9.154,0.854],[-9.154,-5.863],[-5.859,-9.156]],"c":true},"ix":2},"nm":"Path 1","mn":"ADBE Vector Shape - Group","hd":false},{"ty":"fl","c":{"a":0,"k":[0.976470588235,0.857537123736,0.302514409084,1],"ix":4},"o":{"a":0,"k":100,"ix":5},"r":1,"bm":0,"nm":"Fill 1","mn":"ADBE Vector Graphic - Fill","hd":false},{"ty":"tr","p":{"a":0,"k":[125.67,125.673],"ix":2},"a":{"a":0,"k":[0,0],"ix":1},"s":{"a":0,"k":[100,100],"ix":3},"r":{"a":0,"k":0,"ix":6},"o":{"a":0,"k":100,"ix":7},"sk":{"a":0,"k":0,"ix":4},"sa":{"a":0,"k":0,"ix":5},"nm":"Transform"}],"nm":"Group 3","np":2,"cix":2,"bm":0,"ix":3,"mn":"ADBE Vector Group","hd":false},{"ty":"gr","it":[{"ind":0,"ty":"sh","ix":1,"ks":{"a":0,"k":{"i":[[-2.623,0],[0,0],[0,-2.623],[0,0],[2.623,0],[0,0],[0,2.624],[0,0]],"o":[[0,0],[2.623,0],[0,0],[0,2.624],[0,0],[-2.623,0],[0,0],[0,-2.623]],"v":[[-2.329,-10.618],[2.329,-10.618],[7.079,-5.868],[7.079,5.868],[2.329,10.618],[-2.329,10.618],[-7.079,5.868],[-7.079,-5.868]],"c":true},"ix":2},"nm":"Path 1","mn":"ADBE Vector Shape - Group","hd":false},{"ty":"fl","c":{"a":0,"k":[0.976470588235,0.857537123736,0.302514409084,1],"ix":4},"o":{"a":0,"k":100,"ix":5},"r":1,"bm":0,"nm":"Fill 1","mn":"ADBE Vector Graphic - Fill","hd":false},{"ty":"tr","p":{"a":0,"k":[78.116,145.363],"ix":2},"a":{"a":0,"k":[0,0],"ix":1},"s":{"a":0,"k":[100,100],"ix":3},"r":{"a":0,"k":0,"ix":6},"o":{"a":0,"k":100,"ix":7},"sk":{"a":0,"k":0,"ix":4},"sa":{"a":0,"k":0,"ix":5},"nm":"Transform"}],"nm":"Group 4","np":2,"cix":2,"bm":0,"ix":4,"mn":"ADBE Vector Group","hd":false},{"ty":"gr","it":[{"ind":0,"ty":"sh","ix":1,"ks":{"a":0,"k":{"i":[[1.855,1.855],[0,0],[-1.855,1.855],[0,0],[-1.855,-1.855],[0,0],[1.855,-1.855],[0,0]],"o":[[0,0],[-1.855,-1.855],[0,0],[1.855,-1.855],[0,0],[1.855,1.855],[0,0],[-1.855,1.855]],"v":[[-5.861,9.155],[-9.155,5.861],[-9.155,-0.856],[-0.856,-9.155],[5.861,-9.155],[9.155,-5.861],[9.155,0.856],[0.856,9.155]],"c":true},"ix":2},"nm":"Path 1","mn":"ADBE Vector Shape - Group","hd":false},{"ty":"fl","c":{"a":0,"k":[0.976470588235,0.857537123736,0.302514409084,1],"ix":4},"o":{"a":0,"k":100,"ix":5},"r":1,"bm":0,"nm":"Fill 1","mn":"ADBE Vector Graphic - Fill","hd":false},{"ty":"tr","p":{"a":0,"k":[30.564,125.669],"ix":2},"a":{"a":0,"k":[0,0],"ix":1},"s":{"a":0,"k":[100,100],"ix":3},"r":{"a":0,"k":0,"ix":6},"o":{"a":0,"k":100,"ix":7},"sk":{"a":0,"k":0,"ix":4},"sa":{"a":0,"k":0,"ix":5},"nm":"Transform"}],"nm":"Group 5","np":2,"cix":2,"bm":0,"ix":5,"mn":"ADBE Vector Group","hd":false},{"ty":"gr","it":[{"ind":0,"ty":"sh","ix":1,"ks":{"a":0,"k":{"i":[[-2.623,0],[0,0],[0,-2.624],[0,0],[2.623,0],[0,0],[0,2.623],[0,0]],"o":[[0,0],[2.623,0],[0,0],[0,2.623],[0,0],[-2.623,0],[0,0],[0,-2.624]],"v":[[-5.868,-7.079],[5.869,-7.079],[10.618,-2.329],[10.618,2.33],[5.869,7.079],[-5.868,7.079],[-10.618,2.33],[-10.618,-2.329]],"c":true},"ix":2},"nm":"Path 1","mn":"ADBE Vector Shape - Group","hd":false},{"ty":"fl","c":{"a":0,"k":[0.976470588235,0.857537123736,0.302514409084,1],"ix":4},"o":{"a":0,"k":100,"ix":5},"r":1,"bm":0,"nm":"Fill 1","mn":"ADBE Vector Graphic - Fill","hd":false},{"ty":"tr","p":{"a":0,"k":[10.868,78.115],"ix":2},"a":{"a":0,"k":[0,0],"ix":1},"s":{"a":0,"k":[100,100],"ix":3},"r":{"a":0,"k":0,"ix":6},"o":{"a":0,"k":100,"ix":7},"sk":{"a":0,"k":0,"ix":4},"sa":{"a":0,"k":0,"ix":5},"nm":"Transform"}],"nm":"Group 6","np":2,"cix":2,"bm":0,"ix":6,"mn":"ADBE Vector Group","hd":false},{"ty":"gr","it":[{"ind":0,"ty":"sh","ix":1,"ks":{"a":0,"k":{"i":[[-1.855,-1.855],[0,0],[1.855,-1.854],[0,0],[1.854,1.856],[0,0],[-1.855,1.855],[0,0]],"o":[[0,0],[1.854,1.855],[0,0],[-1.855,1.855],[0,0],[-1.855,-1.855],[0,0],[1.855,-1.855]],"v":[[0.857,-9.155],[9.156,-0.855],[9.154,5.863],[5.861,9.156],[-0.857,9.154],[-9.154,0.854],[-9.154,-5.863],[-5.859,-9.156]],"c":true},"ix":2},"nm":"Path 1","mn":"ADBE Vector Shape - Group","hd":false},{"ty":"fl","c":{"a":0,"k":[0.976470588235,0.857537123736,0.302514409084,1],"ix":4},"o":{"a":0,"k":100,"ix":5},"r":1,"bm":0,"nm":"Fill 1","mn":"ADBE Vector Graphic - Fill","hd":false},{"ty":"tr","p":{"a":0,"k":[30.559,30.561],"ix":2},"a":{"a":0,"k":[0,0],"ix":1},"s":{"a":0,"k":[100,100],"ix":3},"r":{"a":0,"k":0,"ix":6},"o":{"a":0,"k":100,"ix":7},"sk":{"a":0,"k":0,"ix":4},"sa":{"a":0,"k":0,"ix":5},"nm":"Transform"}],"nm":"Group 7","np":2,"cix":2,"bm":0,"ix":7,"mn":"ADBE Vector Group","hd":false},{"ty":"gr","it":[{"ind":0,"ty":"sh","ix":1,"ks":{"a":0,"k":{"i":[[-2.623,0],[0,0],[0,-2.624],[0,0],[2.623,0],[0,0],[0,2.624],[0,0]],"o":[[0,0],[2.623,0],[0,0],[0,2.624],[0,0],[-2.623,0],[0,0],[0,-2.624]],"v":[[-2.329,-10.618],[2.329,-10.618],[7.079,-5.868],[7.079,5.868],[2.329,10.618],[-2.329,10.618],[-7.079,5.868],[-7.079,-5.868]],"c":true},"ix":2},"nm":"Path 1","mn":"ADBE Vector Shape - Group","hd":false},{"ty":"fl","c":{"a":0,"k":[0.976470588235,0.857537123736,0.302514409084,1],"ix":4},"o":{"a":0,"k":100,"ix":5},"r":1,"bm":0,"nm":"Fill 1","mn":"ADBE Vector Graphic - Fill","hd":false},{"ty":"tr","p":{"a":0,"k":[78.116,10.868],"ix":2},"a":{"a":0,"k":[0,0],"ix":1},"s":{"a":0,"k":[100,100],"ix":3},"r":{"a":0,"k":0,"ix":6},"o":{"a":0,"k":100,"ix":7},"sk":{"a":0,"k":0,"ix":4},"sa":{"a":0,"k":0,"ix":5},"nm":"Transform"}],"nm":"Group 8","np":4,"cix":2,"bm":0,"ix":8,"mn":"ADBE Vector Group","hd":false}],"ip":0,"op":620.379025268555,"st":0,"bm":0}]}],"layers":[{"ddd":0,"ind":1,"ty":4,"nm":"Layer 6 Outlines","sr":1,"ks":{"o":{"a":1,"k":[{"i":{"x":[0.667],"y":[1]},"o":{"x":[0.333],"y":[0]},"t":56,"s":[0]},{"i":{"x":[0.833],"y":[1]},"o":{"x":[0.167],"y":[0]},"t":75,"s":[100]},{"i":{"x":[0.833],"y":[1]},"o":{"x":[0.167],"y":[0]},"t":214,"s":[100]},{"t":229.000009327361,"s":[0]}],"ix":11},"r":{"a":0,"k":0,"ix":10},"p":{"a":1,"k":[{"i":{"x":0.105,"y":1},"o":{"x":0.333,"y":0},"t":56,"s":[381.763,102.5,0],"to":[-5,0,0],"ti":[5,0,0]},{"i":{"x":0.105,"y":0.105},"o":{"x":0.333,"y":0.333},"t":75,"s":[351.763,102.5,0],"to":[0,0,0],"ti":[0,0,0]},{"i":{"x":0.617,"y":1},"o":{"x":0.741,"y":0},"t":214,"s":[351.763,102.5,0],"to":[5,0,0],"ti":[-5,0,0]},{"t":229.000009327361,"s":[381.764,102.5,0]}],"ix":2},"a":{"a":0,"k":[29.645,8.267,0],"ix":1},"s":{"a":0,"k":[100,100,100],"ix":6}},"ao":0,"shapes":[{"ty":"gr","it":[{"ind":0,"ty":"sh","ix":1,"ks":{"a":0,"k":{"i":[[4.428,0],[0,0],[0,-4.428],[-4.428,0],[0,0],[0,4.428]],"o":[[0,0],[-4.427,0],[0,4.427],[0,0],[4.427,0],[0,-4.427]],"v":[[21.378,-8.017],[-21.378,-8.017],[-29.395,0],[-21.378,8.017],[21.378,8.017],[29.395,0]],"c":true},"ix":2},"nm":"Path 1","mn":"ADBE Vector Shape - Group","hd":false},{"ty":"fl","c":{"a":0,"k":[0,0,0,1],"ix":4},"o":{"a":0,"k":100,"ix":5},"r":1,"bm":0,"nm":"Fill 1","mn":"ADBE Vector Graphic - Fill","hd":false},{"ty":"tr","p":{"a":0,"k":[29.645,8.267],"ix":2},"a":{"a":0,"k":[0,0],"ix":1},"s":{"a":0,"k":[100,100],"ix":3},"r":{"a":0,"k":0,"ix":6},"o":{"a":0,"k":100,"ix":7},"sk":{"a":0,"k":0,"ix":4},"sa":{"a":0,"k":0,"ix":5},"nm":"Transform"}],"nm":"Group 1","np":4,"cix":2,"bm":0,"ix":1,"mn":"ADBE Vector Group","hd":false}],"ip":0,"op":267.000010875133,"st":-3.00000012219251,"bm":0},{"ddd":0,"ind":2,"ty":4,"nm":"Layer 5 Outlines","sr":1,"ks":{"o":{"a":1,"k":[{"i":{"x":[0.667],"y":[1]},"o":{"x":[0.333],"y":[0]},"t":53,"s":[0]},{"i":{"x":[0.833],"y":[1]},"o":{"x":[0.167],"y":[0]},"t":72,"s":[100]},{"i":{"x":[0.833],"y":[1]},"o":{"x":[0.167],"y":[0]},"t":219,"s":[100]},{"t":234.000009531015,"s":[0]}],"ix":11},"r":{"a":0,"k":0,"ix":10},"p":{"a":1,"k":[{"i":{"x":0.105,"y":1},"o":{"x":0.333,"y":0},"t":53,"s":[374.063,145.3,0],"to":[-5,0,0],"ti":[5,0,0]},{"i":{"x":0.105,"y":0.105},"o":{"x":0.333,"y":0.333},"t":72,"s":[344.063,145.3,0],"to":[0,0,0],"ti":[0,0,0]},{"i":{"x":0.602,"y":1},"o":{"x":0.745,"y":0},"t":219,"s":[344.063,145.3,0],"to":[5,0,0],"ti":[-5,0,0]},{"t":234.000009531015,"s":[374.063,145.3,0]}],"ix":2},"a":{"a":0,"k":[21.093,8.267,0],"ix":1},"s":{"a":0,"k":[100,100,100],"ix":6}},"ao":0,"shapes":[{"ty":"gr","it":[{"ind":0,"ty":"sh","ix":1,"ks":{"a":0,"k":{"i":[[4.427,0],[0,0],[0,-4.428],[-4.428,0],[0,0],[0,4.428]],"o":[[0,0],[-4.427,0],[0,4.427],[0,0],[4.427,0],[0,-4.428]],"v":[[12.827,-8.017],[-12.827,-8.017],[-20.844,0],[-12.827,8.017],[12.827,8.017],[20.844,0]],"c":true},"ix":2},"nm":"Path 1","mn":"ADBE Vector Shape - Group","hd":false},{"ty":"fl","c":{"a":0,"k":[0,0,0,1],"ix":4},"o":{"a":0,"k":100,"ix":5},"r":1,"bm":0,"nm":"Fill 1","mn":"ADBE Vector Graphic - Fill","hd":false},{"ty":"tr","p":{"a":0,"k":[21.093,8.267],"ix":2},"a":{"a":0,"k":[0,0],"ix":1},"s":{"a":0,"k":[100,100],"ix":3},"r":{"a":0,"k":0,"ix":6},"o":{"a":0,"k":100,"ix":7},"sk":{"a":0,"k":0,"ix":4},"sa":{"a":0,"k":0,"ix":5},"nm":"Transform"}],"nm":"Group 1","np":2,"cix":2,"bm":0,"ix":1,"mn":"ADBE Vector Group","hd":false}],"ip":0,"op":267.000010875133,"st":-6.00000024438501,"bm":0},{"ddd":0,"ind":3,"ty":4,"nm":"Layer 4 Outlines","sr":1,"ks":{"o":{"a":1,"k":[{"i":{"x":[0.667],"y":[1]},"o":{"x":[0.333],"y":[0]},"t":49,"s":[0]},{"i":{"x":[0.833],"y":[1]},"o":{"x":[0.167],"y":[0]},"t":68,"s":[100]},{"i":{"x":[0.833],"y":[1]},"o":{"x":[0.167],"y":[0]},"t":224,"s":[100]},{"t":239.00000973467,"s":[0]}],"ix":11},"r":{"a":0,"k":0,"ix":10},"p":{"a":1,"k":[{"i":{"x":0.105,"y":1},"o":{"x":0.333,"y":0},"t":49,"s":[381.763,188,0],"to":[-5,0,0],"ti":[5,0,0]},{"i":{"x":0.105,"y":0.105},"o":{"x":0.333,"y":0.333},"t":68,"s":[351.763,188,0],"to":[0,0,0],"ti":[0,0,0]},{"i":{"x":0.609,"y":1},"o":{"x":0.744,"y":0},"t":224,"s":[351.763,188,0],"to":[5,0,0],"ti":[-5,0,0]},{"t":239.00000973467,"s":[381.764,188,0]}],"ix":2},"a":{"a":0,"k":[29.645,8.267,0],"ix":1},"s":{"a":0,"k":[100,100,100],"ix":6}},"ao":0,"shapes":[{"ty":"gr","it":[{"ind":0,"ty":"sh","ix":1,"ks":{"a":0,"k":{"i":[[4.429,0],[0,0],[0,-4.428],[-4.428,0],[0,0],[0,4.428]],"o":[[0,0],[-4.427,0],[0,4.427],[0,0],[4.427,0],[0,-4.428]],"v":[[21.378,-8.017],[-21.378,-8.017],[-29.395,0],[-21.378,8.017],[21.378,8.017],[29.395,0]],"c":true},"ix":2},"nm":"Path 1","mn":"ADBE Vector Shape - Group","hd":false},{"ty":"fl","c":{"a":0,"k":[0,0,0,1],"ix":4},"o":{"a":0,"k":100,"ix":5},"r":1,"bm":0,"nm":"Fill 1","mn":"ADBE Vector Graphic - Fill","hd":false},{"ty":"tr","p":{"a":0,"k":[29.645,8.267],"ix":2},"a":{"a":0,"k":[0,0],"ix":1},"s":{"a":0,"k":[100,100],"ix":3},"r":{"a":0,"k":0,"ix":6},"o":{"a":0,"k":100,"ix":7},"sk":{"a":0,"k":0,"ix":4},"sa":{"a":0,"k":0,"ix":5},"nm":"Transform"}],"nm":"Group 1","np":4,"cix":2,"bm":0,"ix":1,"mn":"ADBE Vector Group","hd":false}],"ip":0,"op":267.000010875133,"st":-10.0000004073083,"bm":0},{"ddd":0,"ind":4,"ty":4,"nm":"Layer 3 Outlines","sr":1,"ks":{"o":{"a":1,"k":[{"i":{"x":[0.667],"y":[1]},"o":{"x":[0.333],"y":[0]},"t":45,"s":[0]},{"i":{"x":[0.833],"y":[1]},"o":{"x":[0.167],"y":[0]},"t":64,"s":[100]},{"i":{"x":[0.833],"y":[1]},"o":{"x":[0.167],"y":[0]},"t":229,"s":[100]},{"t":244.000009938324,"s":[0]}],"ix":11},"r":{"a":0,"k":0,"ix":10},"p":{"a":1,"k":[{"i":{"x":0.105,"y":1},"o":{"x":0.333,"y":0},"t":45,"s":[374.063,230.8,0],"to":[-5,0,0],"ti":[5,0,0]},{"i":{"x":0.105,"y":0.105},"o":{"x":0.333,"y":0.333},"t":64,"s":[344.063,230.8,0],"to":[0,0,0],"ti":[0,0,0]},{"i":{"x":0.654,"y":1},"o":{"x":0.759,"y":0},"t":229,"s":[344.063,230.8,0],"to":[5,0,0],"ti":[-5,0,0]},{"t":244.000009938324,"s":[374.063,230.8,0]}],"ix":2},"a":{"a":0,"k":[21.093,8.267,0],"ix":1},"s":{"a":0,"k":[100,100,100],"ix":6}},"ao":0,"shapes":[{"ty":"gr","it":[{"ind":0,"ty":"sh","ix":1,"ks":{"a":0,"k":{"i":[[4.427,0],[0,0],[0,-4.428],[-4.428,0],[0,0],[0,4.428]],"o":[[0,0],[-4.427,0],[0,4.427],[0,0],[4.427,0],[0,-4.427]],"v":[[12.827,-8.017],[-12.827,-8.017],[-20.844,0],[-12.827,8.017],[12.827,8.017],[20.844,0]],"c":true},"ix":2},"nm":"Path 1","mn":"ADBE Vector Shape - Group","hd":false},{"ty":"fl","c":{"a":0,"k":[0,0,0,1],"ix":4},"o":{"a":0,"k":100,"ix":5},"r":1,"bm":0,"nm":"Fill 1","mn":"ADBE Vector Graphic - Fill","hd":false},{"ty":"tr","p":{"a":0,"k":[21.093,8.267],"ix":2},"a":{"a":0,"k":[0,0],"ix":1},"s":{"a":0,"k":[100,100],"ix":3},"r":{"a":0,"k":0,"ix":6},"o":{"a":0,"k":100,"ix":7},"sk":{"a":0,"k":0,"ix":4},"sa":{"a":0,"k":0,"ix":5},"nm":"Transform"}],"nm":"Group 1","np":2,"cix":2,"bm":0,"ix":1,"mn":"ADBE Vector Group","hd":false}],"ip":0,"op":267.000010875133,"st":-14.0000005702317,"bm":0},{"ddd":0,"ind":5,"ty":4,"nm":"Layer 2 Outlines","sr":1,"ks":{"o":{"a":1,"k":[{"i":{"x":[0.667],"y":[1]},"o":{"x":[0.333],"y":[0]},"t":42,"s":[0]},{"i":{"x":[0.833],"y":[1]},"o":{"x":[0.167],"y":[0]},"t":61,"s":[100]},{"i":{"x":[0.833],"y":[1]},"o":{"x":[0.167],"y":[0]},"t":233,"s":[100]},{"t":248.000010101247,"s":[0]}],"ix":11},"r":{"a":0,"k":0,"ix":10},"p":{"a":1,"k":[{"i":{"x":0.105,"y":1},"o":{"x":0.333,"y":0},"t":42,"s":[381.763,273.551,0],"to":[-5,0,0],"ti":[5,0,0]},{"i":{"x":0.105,"y":0.105},"o":{"x":0.333,"y":0.333},"t":61,"s":[351.763,273.551,0],"to":[0,0,0],"ti":[0,0,0]},{"i":{"x":0.534,"y":1},"o":{"x":0.677,"y":0},"t":233,"s":[351.763,273.551,0],"to":[5,0,0],"ti":[-5,0,0]},{"t":248.000010101247,"s":[381.764,273.551,0]}],"ix":2},"a":{"a":0,"k":[29.645,8.267,0],"ix":1},"s":{"a":0,"k":[100,100,100],"ix":6}},"ao":0,"shapes":[{"ty":"gr","it":[{"ind":0,"ty":"sh","ix":1,"ks":{"a":0,"k":{"i":[[4.429,0],[0,0],[0,-4.428],[-4.428,0],[0,0],[0,4.428]],"o":[[0,0],[-4.427,0],[0,4.428],[0,0],[4.427,0],[0,-4.428]],"v":[[21.378,-8.017],[-21.378,-8.017],[-29.395,0],[-21.378,8.017],[21.378,8.017],[29.395,0]],"c":true},"ix":2},"nm":"Path 1","mn":"ADBE Vector Shape - Group","hd":false},{"ty":"fl","c":{"a":0,"k":[0,0,0,1],"ix":4},"o":{"a":0,"k":100,"ix":5},"r":1,"bm":0,"nm":"Fill 1","mn":"ADBE Vector Graphic - Fill","hd":false},{"ty":"tr","p":{"a":0,"k":[29.645,8.267],"ix":2},"a":{"a":0,"k":[0,0],"ix":1},"s":{"a":0,"k":[100,100],"ix":3},"r":{"a":0,"k":0,"ix":6},"o":{"a":0,"k":100,"ix":7},"sk":{"a":0,"k":0,"ix":4},"sa":{"a":0,"k":0,"ix":5},"nm":"Transform"}],"nm":"Group 1","np":4,"cix":2,"bm":0,"ix":1,"mn":"ADBE Vector Group","hd":false}],"ip":0,"op":267.000010875133,"st":-17.0000006924242,"bm":0},{"ddd":0,"ind":6,"ty":4,"nm":"middle circle thero","sr":1,"ks":{"o":{"a":1,"k":[{"i":{"x":[0.705],"y":[1]},"o":{"x":[0.787],"y":[0]},"t":240,"s":[100]},{"t":249.000010141978,"s":[0]}],"ix":11},"r":{"a":0,"k":0,"ix":10},"p":{"a":0,"k":[261.978,435.947,0],"ix":2},"a":{"a":0,"k":[51.023,51.097,0],"ix":1},"s":{"a":1,"k":[{"i":{"x":[0.063,0.063,0.667],"y":[1,1,1]},"o":{"x":[0.333,0.333,0.333],"y":[0,0,0]},"t":7.993,"s":[0,0,100]},{"i":{"x":[0.83,0.83,0.833],"y":[1,1,1]},"o":{"x":[0.167,0.167,0.167],"y":[0,0,0]},"t":28,"s":[100,100,100]},{"i":{"x":[0.721,0.721,0.833],"y":[1,1,1]},"o":{"x":[0.858,0.858,0.167],"y":[0,0,0]},"t":232,"s":[100,100,100]},{"t":249.000010141978,"s":[20,20,100]}],"ix":6}},"ao":0,"shapes":[{"ty":"gr","it":[{"ind":0,"ty":"sh","ix":1,"ks":{"a":0,"k":{"i":[[19.155,0],[0,19.155],[-19.155,0],[0,-19.155]],"o":[[-19.155,0],[0,-19.155],[19.155,0],[0,19.155]],"v":[[0.001,34.813],[-34.738,0.075],[0.001,-34.665],[34.74,0.075]],"c":true},"ix":2},"nm":"Path 1","mn":"ADBE Vector Shape - Group","hd":false},{"ind":1,"ty":"sh","ix":2,"ks":{"a":0,"k":{"i":[[24.2,3.855],[0,0],[2.729,0],[2.612,-0.413],[0,0],[0,-25.267],[-27.995,0],[0,27.995]],"o":[[0,0],[-2.613,-0.414],[-2.728,0],[0,0],[-24.2,3.855],[0,27.995],[27.995,0],[0.002,-25.267]],"v":[[8.017,-50.059],[8.017,-50.212],[-0.001,-50.846],[-8.017,-50.214],[-8.017,-50.059],[-50.773,0.075],[-0.001,50.846],[50.771,0.075]],"c":true},"ix":2},"nm":"Path 2","mn":"ADBE Vector Shape - Group","hd":false},{"ty":"mm","mm":1,"nm":"Merge Paths 1","mn":"ADBE Vector Filter - Merge","hd":false},{"ty":"fl","c":{"a":1,"k":[{"i":{"x":[0.667],"y":[1]},"o":{"x":[0.333],"y":[0]},"t":21,"s":[0,0,0,1]},{"i":{"x":[0.667],"y":[1]},"o":{"x":[0.333],"y":[0]},"t":41,"s":[1,0.06274510175,0.06274510175,1]},{"i":{"x":[0.667],"y":[1]},"o":{"x":[0.333],"y":[0]},"t":211,"s":[1,0.06274510175,0.06274510175,1]},{"t":220.000008960784,"s":[0,0,0,1]}],"ix":4},"o":{"a":0,"k":100,"ix":5},"r":1,"bm":0,"nm":"Fill 1","mn":"ADBE Vector Graphic - Fill","hd":false},{"ty":"tr","p":{"a":0,"k":[51.023,51.097],"ix":2},"a":{"a":0,"k":[0,0],"ix":1},"s":{"a":0,"k":[100,100],"ix":3},"r":{"a":0,"k":0,"ix":6},"o":{"a":0,"k":100,"ix":7},"sk":{"a":0,"k":0,"ix":4},"sa":{"a":0,"k":0,"ix":5},"nm":"Transform"}],"nm":"Group 1","np":4,"cix":2,"bm":0,"ix":1,"mn":"ADBE Vector Group","hd":false}],"ip":0,"op":267.000010875133,"st":0,"bm":0},{"ddd":0,"ind":7,"ty":4,"nm":"temp thero","sr":1,"ks":{"o":{"a":0,"k":100,"ix":11},"r":{"a":0,"k":0,"ix":10},"p":{"a":0,"k":[230,274,0],"ix":2},"a":{"a":0,"k":[0,0,0],"ix":1},"s":{"a":0,"k":[100,100,100],"ix":6}},"ao":0,"shapes":[{"ty":"gr","it":[{"ind":0,"ty":"sh","ix":1,"ks":{"a":0,"k":{"i":[[0,0],[0,0]],"o":[[0,0],[0,0]],"v":[[32,-178],[32,116]],"c":false},"ix":2},"nm":"Path 1","mn":"ADBE Vector Shape - Group","hd":false},{"ty":"st","c":{"a":1,"k":[{"i":{"x":[0.667],"y":[1]},"o":{"x":[0.333],"y":[0]},"t":21,"s":[0,0,0,1]},{"i":{"x":[0.667],"y":[1]},"o":{"x":[0.333],"y":[0]},"t":41,"s":[1,0.062745094299,0.062745094299,1]},{"i":{"x":[0.667],"y":[1]},"o":{"x":[0.333],"y":[0]},"t":211,"s":[1,0.062745094299,0.062745094299,1]},{"t":220.000008960784,"s":[0,0,0,1]}],"ix":3},"o":{"a":0,"k":100,"ix":4},"w":{"a":0,"k":17,"ix":5},"lc":2,"lj":1,"ml":4,"bm":0,"nm":"Stroke 1","mn":"ADBE Vector Graphic - Stroke","hd":false},{"ty":"tr","p":{"a":0,"k":[0,0],"ix":2},"a":{"a":0,"k":[0,0],"ix":1},"s":{"a":0,"k":[100,100],"ix":3},"r":{"a":0,"k":0,"ix":6},"o":{"a":0,"k":100,"ix":7},"sk":{"a":0,"k":0,"ix":4},"sa":{"a":0,"k":0,"ix":5},"nm":"Transform"}],"nm":"Shape 1","np":3,"cix":2,"bm":0,"ix":1,"mn":"ADBE Vector Group","hd":false},{"ty":"tm","s":{"a":0,"k":100,"ix":1},"e":{"a":1,"k":[{"i":{"x":[0.148],"y":[0.972]},"o":{"x":[0.154],"y":[0]},"t":21,"s":[100]},{"i":{"x":[0.833],"y":[1]},"o":{"x":[0.167],"y":[0]},"t":61,"s":[0]},{"i":{"x":[0.833],"y":[1]},"o":{"x":[0.167],"y":[0]},"t":211,"s":[0]},{"t":225.000009164438,"s":[100]}],"ix":2},"o":{"a":0,"k":0,"ix":3},"m":1,"ix":2,"nm":"Trim Paths 1","mn":"ADBE Vector Filter - Trim","hd":false}],"ip":0,"op":267.000010875133,"st":0,"bm":0},{"ddd":0,"ind":8,"ty":4,"nm":"therometer outline","sr":1,"ks":{"o":{"a":1,"k":[{"i":{"x":[0.256],"y":[1]},"o":{"x":[0.333],"y":[0]},"t":0,"s":[0]},{"i":{"x":[0.695],"y":[1]},"o":{"x":[0.16],"y":[0]},"t":11.988,"s":[100]},{"i":{"x":[0.706],"y":[1]},"o":{"x":[0.785],"y":[0]},"t":240,"s":[100]},{"t":249.000010141978,"s":[0]}],"ix":11},"r":{"a":0,"k":0,"ix":10},"p":{"a":1,"k":[{"i":{"x":0.256,"y":1},"o":{"x":0.333,"y":0},"t":0,"s":[215.038,434.75,0],"to":[7.817,0,0],"ti":[-7.817,0,0]},{"t":13.0000005295009,"s":[261.938,434.75,0]}],"ix":2},"a":{"a":0,"k":[85.266,426,0],"ix":1},"s":{"a":1,"k":[{"i":{"x":[0.706,0.706,0.667],"y":[1,1,1]},"o":{"x":[0.865,0.865,0.333],"y":[0,0,0]},"t":232,"s":[100,100,100]},{"t":249.000010141978,"s":[30,30,100]}],"ix":6}},"ao":0,"shapes":[{"ty":"gr","it":[{"ind":0,"ty":"sh","ix":1,"ks":{"a":0,"k":{"i":[[13.502,-13.101],[18.826,0.576],[12.703,13.154],[-0.064,17.761],[-23.537,11.715],[0,3.041],[0,0],[-14.44,0],[0,-14.44],[0,0],[-2.723,-1.356],[0,-26.289]],"o":[[-13.496,13.095],[-17.741,-0.534],[-12.701,-13.152],[0.093,-26.181],[2.724,-1.355],[0,0],[0,-14.44],[14.44,0],[0,0],[0,3.042],[23.632,11.762],[0.001,18.809]],"v":[[48.006,220.506],[-2.136,239.933],[-49.346,218.707],[-68.943,170.77],[-30.633,109.332],[-26.189,102.155],[-26.189,-213.779],[-0.001,-239.967],[26.187,-213.779],[26.187,102.156],[30.631,109.333],[68.942,171.022]],"c":true},"ix":2},"nm":"Path 1","mn":"ADBE Vector Shape - Group","hd":false},{"ind":1,"ty":"sh","ix":2,"ks":{"a":0,"k":{"i":[[26.499,15.151],[0,0],[23.281,0],[0,-23.28],[0,0],[0.11,-30.599],[-15.616,-16.172],[-21.945,-0.662],[-0.882,0],[-16.002,15.526],[0,23.183]],"o":[[0,0],[0,-23.28],[-23.282,0],[0,0],[-26.391,15.093],[-0.078,21.959],[15.624,16.179],[0.886,0.026],[22.227,-0.001],[16.642,-16.149],[-0.001,-30.731]],"v":[[42.221,97.354],[42.221,-213.779],[0,-256],[-42.221,-213.779],[-42.221,97.354],[-84.977,170.714],[-60.88,229.846],[-2.62,255.961],[0.029,256.001],[59.171,232.014],[84.977,171.022]],"c":true},"ix":2},"nm":"Path 2","mn":"ADBE Vector Shape - Group","hd":false},{"ty":"mm","mm":1,"nm":"Merge Paths 1","mn":"ADBE Vector Filter - Merge","hd":false},{"ty":"fl","c":{"a":0,"k":[0,0,0,1],"ix":4},"o":{"a":0,"k":100,"ix":5},"r":1,"bm":0,"nm":"Fill 1","mn":"ADBE Vector Graphic - Fill","hd":false},{"ty":"tr","p":{"a":0,"k":[85.305,256.25],"ix":2},"a":{"a":0,"k":[0,0],"ix":1},"s":{"a":0,"k":[100,100],"ix":3},"r":{"a":0,"k":0,"ix":6},"o":{"a":0,"k":100,"ix":7},"sk":{"a":0,"k":0,"ix":4},"sa":{"a":0,"k":0,"ix":5},"nm":"Transform"}],"nm":"Group 1","np":6,"cix":2,"bm":0,"ix":1,"mn":"ADBE Vector Group","hd":false}],"ip":0,"op":267.000010875133,"st":0,"bm":0},{"ddd":0,"ind":9,"ty":0,"nm":"Sun","refId":"comp_0","sr":1,"ks":{"o":{"a":0,"k":100,"ix":11},"r":{"a":0,"k":0,"ix":10},"p":{"a":0,"k":[230,278,0],"ix":2},"a":{"a":0,"k":[375,429,0],"ix":1},"s":{"a":0,"k":[100,100,100],"ix":6}},"ao":0,"w":750,"h":858,"ip":0,"op":267.000010875133,"st":-31.0000012626559,"bm":0}],"markers":[]}