{"v":"4.8.0","meta":{"g":"LottieFiles AE ","a":"","k":"","d":"","tc":""},"fr":29.9700012207031,"ip":0,"op":68.0000027696968,"w":300,"h":300,"nm":"temp","ddd":0,"assets":[],"layers":[{"ddd":0,"ind":5,"ty":4,"nm":"Layer 8 Outlines 4","sr":1,"ks":{"o":{"a":1,"k":[{"i":{"x":[0.833],"y":[0.833]},"o":{"x":[0.167],"y":[0.167]},"t":35,"s":[0]},{"i":{"x":[0.833],"y":[0.833]},"o":{"x":[0.167],"y":[0.167]},"t":37,"s":[100]},{"i":{"x":[0.833],"y":[0.833]},"o":{"x":[0.167],"y":[0.167]},"t":54,"s":[100]},{"t":55.0000022401959,"s":[0]}],"ix":11},"r":{"a":0,"k":0,"ix":10},"p":{"a":0,"k":[198.92,144.178,0],"ix":2},"a":{"a":0,"k":[19.924,6.009,0],"ix":1},"s":{"a":0,"k":[100,100,100],"ix":6}},"ao":0,"shapes":[{"ty":"gr","it":[{"ind":0,"ty":"sh","ix":1,"ks":{"a":1,"k":[{"i":{"x":0.833,"y":0.833},"o":{"x":0.167,"y":0.167},"t":37,"s":[{"i":[[-3.181,0],[0,0],[0,3.181],[3.181,0],[0,0],[0,-3.18]],"o":[[0,0],[3.181,0],[0,-3.18],[0,0],[-3.181,0],[0,3.181]],"v":[[-13.913,5.76],[-12.962,5.803],[-7.202,0.043],[-12.962,-5.716],[-13.913,-5.76],[-19.674,-0.001]],"c":true}]},{"t":50.0000020365418,"s":[{"i":[[-3.181,0],[0,0],[0,3.181],[3.181,0],[0,0],[0,-3.18]],"o":[[0,0],[3.181,0],[0,-3.18],[0,0],[-3.181,0],[0,3.181]],"v":[[-13.913,5.76],[4.789,5.65],[10.549,-0.11],[4.789,-5.869],[-13.913,-5.76],[-19.674,-0.001]],"c":true}]}],"ix":2},"nm":"Path 1","mn":"ADBE Vector Shape - Group","hd":false},{"ty":"fl","c":{"a":0,"k":[0.224000010771,0.804000016755,0.859000052658,1],"ix":4},"o":{"a":0,"k":100,"ix":5},"r":1,"bm":0,"nm":"Fill 1","mn":"ADBE Vector Graphic - Fill","hd":false},{"ty":"tr","p":{"a":0,"k":[19.924,6.009],"ix":2},"a":{"a":0,"k":[0,0],"ix":1},"s":{"a":0,"k":[100,100],"ix":3},"r":{"a":0,"k":0,"ix":6},"o":{"a":0,"k":100,"ix":7},"sk":{"a":0,"k":0,"ix":4},"sa":{"a":0,"k":0,"ix":5},"nm":"Transform"}],"nm":"Group 1","np":2,"cix":2,"bm":0,"ix":1,"mn":"ADBE Vector Group","hd":false}],"ip":10.0000004073083,"op":910.00003706506,"st":10.0000004073083,"bm":0},{"ddd":0,"ind":6,"ty":4,"nm":"Layer 8 Outlines 5","sr":1,"ks":{"o":{"a":1,"k":[{"i":{"x":[0.833],"y":[0.833]},"o":{"x":[0.167],"y":[0.167]},"t":20,"s":[0]},{"i":{"x":[0.833],"y":[0.833]},"o":{"x":[0.167],"y":[0.167]},"t":22,"s":[100]},{"i":{"x":[0.833],"y":[0.833]},"o":{"x":[0.167],"y":[0.167]},"t":54,"s":[100]},{"t":55.0000022401959,"s":[0]}],"ix":11},"r":{"a":0,"k":0,"ix":10},"p":{"a":0,"k":[198.92,119.678,0],"ix":2},"a":{"a":0,"k":[19.924,6.009,0],"ix":1},"s":{"a":0,"k":[100,100,100],"ix":6}},"ao":0,"shapes":[{"ty":"gr","it":[{"ind":0,"ty":"sh","ix":1,"ks":{"a":1,"k":[{"i":{"x":0.833,"y":0.833},"o":{"x":0.167,"y":0.167},"t":22,"s":[{"i":[[-3.181,0],[0,0],[0,3.181],[3.181,0],[0,0],[0,-3.18]],"o":[[0,0],[3.181,0],[0,-3.18],[0,0],[-3.181,0],[0,3.181]],"v":[[-13.913,5.76],[-12.962,5.803],[-7.202,0.043],[-12.962,-5.716],[-13.913,-5.76],[-19.674,-0.001]],"c":true}]},{"t":35.0000014255792,"s":[{"i":[[-3.181,0],[0,0],[0,3.181],[3.181,0],[0,0],[0,-3.18]],"o":[[0,0],[3.181,0],[0,-3.18],[0,0],[-3.181,0],[0,3.181]],"v":[[-13.913,5.76],[25.164,5.621],[30.924,-0.139],[25.164,-5.898],[-13.913,-5.76],[-19.674,-0.001]],"c":true}]}],"ix":2},"nm":"Path 1","mn":"ADBE Vector Shape - Group","hd":false},{"ty":"fl","c":{"a":0,"k":[0.224000010771,0.804000016755,0.859000052658,1],"ix":4},"o":{"a":0,"k":100,"ix":5},"r":1,"bm":0,"nm":"Fill 1","mn":"ADBE Vector Graphic - Fill","hd":false},{"ty":"tr","p":{"a":0,"k":[19.924,6.009],"ix":2},"a":{"a":0,"k":[0,0],"ix":1},"s":{"a":0,"k":[100,100],"ix":3},"r":{"a":0,"k":0,"ix":6},"o":{"a":0,"k":100,"ix":7},"sk":{"a":0,"k":0,"ix":4},"sa":{"a":0,"k":0,"ix":5},"nm":"Transform"}],"nm":"Group 1","np":2,"cix":2,"bm":0,"ix":1,"mn":"ADBE Vector Group","hd":false}],"ip":0,"op":900.000036657751,"st":0,"bm":0},{"ddd":0,"ind":7,"ty":4,"nm":"Layer 8 Outlines 3","sr":1,"ks":{"o":{"a":1,"k":[{"i":{"x":[0.833],"y":[0.833]},"o":{"x":[0.167],"y":[0.167]},"t":20,"s":[0]},{"i":{"x":[0.833],"y":[0.833]},"o":{"x":[0.167],"y":[0.167]},"t":22,"s":[100]},{"i":{"x":[0.833],"y":[0.833]},"o":{"x":[0.167],"y":[0.167]},"t":54,"s":[100]},{"t":55.0000022401959,"s":[0]}],"ix":11},"r":{"a":0,"k":0,"ix":10},"p":{"a":0,"k":[198.92,119.678,0],"ix":2},"a":{"a":0,"k":[19.924,6.009,0],"ix":1},"s":{"a":0,"k":[100,100,100],"ix":6}},"ao":0,"shapes":[{"ty":"gr","it":[{"ind":0,"ty":"sh","ix":1,"ks":{"a":1,"k":[{"i":{"x":0.833,"y":0.833},"o":{"x":0.167,"y":0.167},"t":22,"s":[{"i":[[-3.181,0],[0,0],[0,3.181],[3.181,0],[0,0],[0,-3.18]],"o":[[0,0],[3.181,0],[0,-3.18],[0,0],[-3.181,0],[0,3.181]],"v":[[-13.913,5.76],[-12.962,5.803],[-7.202,0.043],[-12.962,-5.716],[-13.913,-5.76],[-19.674,-0.001]],"c":true}]},{"t":35.0000014255792,"s":[{"i":[[-3.181,0],[0,0],[0,3.181],[3.181,0],[0,0],[0,-3.18]],"o":[[0,0],[3.181,0],[0,-3.18],[0,0],[-3.181,0],[0,3.181]],"v":[[-13.913,5.76],[25.164,5.621],[30.924,-0.139],[25.164,-5.898],[-13.913,-5.76],[-19.674,-0.001]],"c":true}]}],"ix":2},"nm":"Path 1","mn":"ADBE Vector Shape - Group","hd":false},{"ty":"fl","c":{"a":0,"k":[0.224000010771,0.804000016755,0.859000052658,1],"ix":4},"o":{"a":0,"k":100,"ix":5},"r":1,"bm":0,"nm":"Fill 1","mn":"ADBE Vector Graphic - Fill","hd":false},{"ty":"tr","p":{"a":0,"k":[19.924,6.009],"ix":2},"a":{"a":0,"k":[0,0],"ix":1},"s":{"a":0,"k":[100,100],"ix":3},"r":{"a":0,"k":0,"ix":6},"o":{"a":0,"k":100,"ix":7},"sk":{"a":0,"k":0,"ix":4},"sa":{"a":0,"k":0,"ix":5},"nm":"Transform"}],"nm":"Group 1","np":2,"cix":2,"bm":0,"ix":1,"mn":"ADBE Vector Group","hd":false}],"ip":0,"op":900.000036657751,"st":0,"bm":0},{"ddd":0,"ind":8,"ty":4,"nm":"Layer 8 Outlines 2","sr":1,"ks":{"o":{"a":1,"k":[{"i":{"x":[0.833],"y":[0.833]},"o":{"x":[0.167],"y":[0.167]},"t":10,"s":[0]},{"i":{"x":[0.833],"y":[0.833]},"o":{"x":[0.167],"y":[0.167]},"t":12,"s":[100]},{"i":{"x":[0.833],"y":[0.833]},"o":{"x":[0.167],"y":[0.167]},"t":54,"s":[100]},{"t":55.0000022401959,"s":[0]}],"ix":11},"r":{"a":0,"k":0,"ix":10},"p":{"a":0,"k":[198.92,95.928,0],"ix":2},"a":{"a":0,"k":[19.924,6.009,0],"ix":1},"s":{"a":0,"k":[100,100,100],"ix":6}},"ao":0,"shapes":[{"ty":"gr","it":[{"ind":0,"ty":"sh","ix":1,"ks":{"a":1,"k":[{"i":{"x":0.833,"y":0.833},"o":{"x":0.167,"y":0.167},"t":12,"s":[{"i":[[-3.181,0],[0,0],[0,3.181],[3.181,0],[0,0],[0,-3.18]],"o":[[0,0],[3.181,0],[0,-3.18],[0,0],[-3.181,0],[0,3.181]],"v":[[-13.913,5.76],[-12.962,5.803],[-7.202,0.043],[-12.962,-5.716],[-13.913,-5.76],[-19.674,-0.001]],"c":true}]},{"t":25.0000010182709,"s":[{"i":[[-3.181,0],[0,0],[0,3.181],[3.181,0],[0,0],[0,-3.18]],"o":[[0,0],[3.181,0],[0,-3.18],[0,0],[-3.181,0],[0,3.181]],"v":[[-13.913,5.76],[-0.587,5.669],[5.173,-0.091],[-0.587,-5.85],[-13.913,-5.76],[-19.674,-0.001]],"c":true}]}],"ix":2},"nm":"Path 1","mn":"ADBE Vector Shape - Group","hd":false},{"ty":"fl","c":{"a":0,"k":[0.224000010771,0.804000016755,0.859000052658,1],"ix":4},"o":{"a":0,"k":100,"ix":5},"r":1,"bm":0,"nm":"Fill 1","mn":"ADBE Vector Graphic - Fill","hd":false},{"ty":"tr","p":{"a":0,"k":[19.924,6.009],"ix":2},"a":{"a":0,"k":[0,0],"ix":1},"s":{"a":0,"k":[100,100],"ix":3},"r":{"a":0,"k":0,"ix":6},"o":{"a":0,"k":100,"ix":7},"sk":{"a":0,"k":0,"ix":4},"sa":{"a":0,"k":0,"ix":5},"nm":"Transform"}],"nm":"Group 1","np":2,"cix":2,"bm":0,"ix":1,"mn":"ADBE Vector Group","hd":false}],"ip":0,"op":900.000036657751,"st":0,"bm":0},{"ddd":0,"ind":9,"ty":4,"nm":"Layer 8 Outlines","sr":1,"ks":{"o":{"a":1,"k":[{"i":{"x":[0.833],"y":[0.833]},"o":{"x":[0.167],"y":[0.167]},"t":0,"s":[0]},{"i":{"x":[0.833],"y":[0.833]},"o":{"x":[0.167],"y":[0.167]},"t":2,"s":[100]},{"i":{"x":[0.833],"y":[0.833]},"o":{"x":[0.167],"y":[0.167]},"t":54,"s":[100]},{"t":55.0000022401959,"s":[0]}],"ix":11},"r":{"a":0,"k":0,"ix":10},"p":{"a":0,"k":[198.92,70.553,0],"ix":2},"a":{"a":0,"k":[19.924,6.009,0],"ix":1},"s":{"a":0,"k":[100,100,100],"ix":6}},"ao":0,"shapes":[{"ty":"gr","it":[{"ind":0,"ty":"sh","ix":1,"ks":{"a":1,"k":[{"i":{"x":0.833,"y":0.833},"o":{"x":0.167,"y":0.167},"t":0,"s":[{"i":[[-3.181,0],[0,0],[0,3.181],[3.181,0],[0,0],[0,-3.18]],"o":[[0,0],[3.181,0],[0,-3.18],[0,0],[-3.181,0],[0,3.181]],"v":[[-13.913,5.76],[-12.962,5.803],[-7.202,0.043],[-12.962,-5.716],[-13.913,-5.76],[-19.674,-0.001]],"c":true}]},{"t":13.0000005295009,"s":[{"i":[[-3.181,0],[0,0],[0,3.181],[3.181,0],[0,0],[0,-3.18]],"o":[[0,0],[3.181,0],[0,-3.18],[0,0],[-3.181,0],[0,3.181]],"v":[[-13.913,5.76],[13.914,5.76],[19.674,-0.001],[13.914,-5.76],[-13.913,-5.76],[-19.674,-0.001]],"c":true}]}],"ix":2},"nm":"Path 1","mn":"ADBE Vector Shape - Group","hd":false},{"ty":"fl","c":{"a":0,"k":[0.224000010771,0.804000016755,0.859000052658,1],"ix":4},"o":{"a":0,"k":100,"ix":5},"r":1,"bm":0,"nm":"Fill 1","mn":"ADBE Vector Graphic - Fill","hd":false},{"ty":"tr","p":{"a":0,"k":[19.924,6.009],"ix":2},"a":{"a":0,"k":[0,0],"ix":1},"s":{"a":0,"k":[100,100],"ix":3},"r":{"a":0,"k":0,"ix":6},"o":{"a":0,"k":100,"ix":7},"sk":{"a":0,"k":0,"ix":4},"sa":{"a":0,"k":0,"ix":5},"nm":"Transform"}],"nm":"Group 1","np":2,"cix":2,"bm":0,"ix":1,"mn":"ADBE Vector Group","hd":false}],"ip":0,"op":900.000036657751,"st":0,"bm":0},{"ddd":0,"ind":10,"ty":4,"nm":"Layer 10 Outlines","sr":1,"ks":{"o":{"a":0,"k":100,"ix":11},"r":{"a":0,"k":0,"ix":10},"p":{"a":0,"k":[139.817,151.251,0],"ix":2},"a":{"a":0,"k":[29.331,124.439,0],"ix":1},"s":{"a":0,"k":[100,100,100],"ix":6}},"ao":0,"shapes":[{"ty":"gr","it":[{"ind":0,"ty":"sh","ix":1,"ks":{"a":1,"k":[{"i":{"x":0.833,"y":0.833},"o":{"x":0.167,"y":0.167},"t":0,"s":[{"i":[[11.149,0],[0,11.15],[-11.149,0],[0,-11.148]],"o":[[-11.149,0],[0,-11.148],[11.149,0],[0,11.15]],"v":[[0,115.329],[-20.22,95.109],[0,74.89],[20.22,95.109]],"c":true}]},{"i":{"x":0.833,"y":0.833},"o":{"x":0.167,"y":0.167},"t":52,"s":[{"i":[[11.149,0],[0,11.15],[-11.149,0],[0,-11.148]],"o":[[-11.149,0],[0,-11.148],[11.149,0],[0,11.15]],"v":[[0,115.329],[-20.22,95.109],[0,74.89],[20.22,95.109]],"c":true}]},{"t":65.0000026475043,"s":[{"i":[[11.149,0],[0,11.15],[-11.149,0],[0,-11.148]],"o":[[-11.149,0],[0,-11.148],[11.149,0],[0,11.15]],"v":[[0,115.329],[-20.22,95.109],[0,74.89],[20.22,95.109]],"c":true}]}],"ix":2},"nm":"Path 1","mn":"ADBE Vector Shape - Group","hd":false},{"ind":1,"ty":"sh","ix":2,"ks":{"a":1,"k":[{"i":{"x":0.833,"y":0.833},"o":{"x":0.167,"y":0.167},"t":0,"s":[{"i":[[13.463,2.54],[0,0],[2.446,0],[0,-2.447],[0,0],[0,-14.863],[-16.035,0],[0,16.035]],"o":[[0,0],[0,-2.447],[-2.447,0],[0,0],[-14.41,1.717],[0,16.035],[16.035,0],[0,-14.188]],"v":[[5.401,66.54],[5.132,-120.259],[0.702,-124.689],[-3.728,-120.259],[-3.459,66.242],[-29.081,95.109],[0,124.189],[29.081,95.109]],"c":true}]},{"i":{"x":0.833,"y":0.833},"o":{"x":0.167,"y":0.167},"t":52,"s":[{"i":[[13.463,2.54],[0,0],[2.446,0],[0,-2.447],[0,0],[0,-14.863],[-16.035,0],[0,16.035]],"o":[[0,0],[0,-2.447],[-2.447,0],[0,0],[-14.41,1.717],[0,16.035],[16.035,0],[0,-14.188]],"v":[[5.401,66.54],[5.288,37.241],[0.858,32.811],[-3.572,37.241],[-3.459,66.242],[-29.081,95.109],[0,124.189],[29.081,95.109]],"c":true}]},{"t":65.0000026475043,"s":[{"i":[[13.463,2.54],[0,0],[2.446,0],[0,-2.447],[0,0],[0,-14.863],[-16.035,0],[0,16.035]],"o":[[0,0],[0,-2.447],[-2.447,0],[0,0],[-14.41,1.717],[0,16.035],[16.035,0],[0,-14.188]],"v":[[5.401,66.54],[5.132,-120.259],[0.702,-124.689],[-3.728,-120.259],[-3.459,66.242],[-29.081,95.109],[0,124.189],[29.081,95.109]],"c":true}]}],"ix":2},"nm":"Path 2","mn":"ADBE Vector Shape - Group","hd":false},{"ty":"mm","mm":1,"nm":"Merge Paths 1","mn":"ADBE Vector Filter - Merge","hd":false},{"ty":"fl","c":{"a":1,"k":[{"i":{"x":[0.833],"y":[0.833]},"o":{"x":[0.167],"y":[0.167]},"t":0,"s":[1,0.443137258291,0.443137258291,1]},{"i":{"x":[0.833],"y":[0.833]},"o":{"x":[0.167],"y":[0.167]},"t":26,"s":[0.976470589638,0.811764717102,0.384313732386,1]},{"i":{"x":[0.833],"y":[0.833]},"o":{"x":[0.167],"y":[0.167]},"t":52,"s":[0.223529413342,0.803921580315,0.858823537827,1]},{"i":{"x":[0.833],"y":[0.833]},"o":{"x":[0.167],"y":[0.167]},"t":59,"s":[0.976470589638,0.811764717102,0.384313732386,1]},{"t":65.0000026475043,"s":[1,0.443137258291,0.443137258291,1]}],"ix":4},"o":{"a":0,"k":100,"ix":5},"r":1,"bm":0,"nm":"Fill 1","mn":"ADBE Vector Graphic - Fill","hd":false},{"ty":"tr","p":{"a":0,"k":[29.331,124.439],"ix":2},"a":{"a":0,"k":[0,0],"ix":1},"s":{"a":0,"k":[100,100],"ix":3},"r":{"a":0,"k":0,"ix":6},"o":{"a":0,"k":100,"ix":7},"sk":{"a":0,"k":0,"ix":4},"sa":{"a":0,"k":0,"ix":5},"nm":"Transform"}],"nm":"Group 1","np":4,"cix":2,"bm":0,"ix":1,"mn":"ADBE Vector Group","hd":false}],"ip":0,"op":900.000036657751,"st":0,"bm":0},{"ddd":0,"ind":11,"ty":4,"nm":"Layer 11 Outlines","sr":1,"ks":{"o":{"a":0,"k":100,"ix":11},"r":{"a":0,"k":0,"ix":10},"p":{"a":0,"k":[139.817,150.001,0],"ix":2},"a":{"a":0,"k":[51.2,146.454,0],"ix":1},"s":{"a":0,"k":[100,100,100],"ix":6}},"ao":0,"shapes":[{"ty":"gr","it":[{"ind":0,"ty":"sh","ix":1,"ks":{"a":0,"k":{"i":[[21.743,0],[0,21.743],[-15.567,5.276],[0,0],[0,0],[0,0],[-7.085,0],[0,-7.084],[0,0],[0,0],[0,0],[0,-17.162]],"o":[[-21.742,0],[0,-17.327],[0,0],[0,0],[0,0],[0,-7.084],[7.084,0],[0,0],[0,0],[0,0],[15.337,5.404],[0,21.743]],"v":[[0,134.684],[-39.431,95.253],[-12.627,57.902],[-12.627,44.746],[-12.627,38.101],[-12.627,-121.837],[0.222,-134.685],[13.07,-121.837],[13.07,38.101],[13.07,44.746],[13.07,58.057],[39.43,95.253]],"c":true},"ix":2},"nm":"Path 1","mn":"ADBE Vector Shape - Group","hd":false},{"ind":1,"ty":"sh","ix":2,"ks":{"a":0,"k":{"i":[[15.703,8.69],[0,0],[13.436,0],[0,-13.436],[0,0],[0,-19.362],[-28.094,0],[0,28.094]],"o":[[0,0],[0,-13.436],[-13.437,0],[0,0],[-15.945,8.618],[0,28.094],[28.093,0],[0,-19.181]],"v":[[24.588,50.648],[24.588,-121.837],[0.222,-146.204],[-24.146,-121.837],[-24.146,50.401],[-50.95,95.253],[0,146.204],[50.95,95.253]],"c":true},"ix":2},"nm":"Path 2","mn":"ADBE Vector Shape - Group","hd":false},{"ty":"mm","mm":1,"nm":"Merge Paths 1","mn":"ADBE Vector Filter - Merge","hd":false},{"ty":"fl","c":{"a":0,"k":[0.39199999641,0.855000035903,0.313999998803,1],"ix":4},"o":{"a":0,"k":100,"ix":5},"r":1,"bm":0,"nm":"Fill 1","mn":"ADBE Vector Graphic - Fill","hd":false},{"ty":"tr","p":{"a":0,"k":[51.2,146.454],"ix":2},"a":{"a":0,"k":[0,0],"ix":1},"s":{"a":0,"k":[100,100],"ix":3},"r":{"a":0,"k":0,"ix":6},"o":{"a":0,"k":100,"ix":7},"sk":{"a":0,"k":0,"ix":4},"sa":{"a":0,"k":0,"ix":5},"nm":"Transform"}],"nm":"Group 1","np":4,"cix":2,"bm":0,"ix":1,"mn":"ADBE Vector Group","hd":false}],"ip":0,"op":900.000036657751,"st":0,"bm":0}],"markers":[]}