{
  "project_info": {
    "project_number": "19340342400",
    "project_id": "quiz-app-bba97",
    "storage_bucket": "quiz-app-bba97.appspot.com"
  },
  "client": [
    {
      "client_info": {
        "mobilesdk_app_id": "1:19340342400:android:7ba11c3b9527854f4a6265",
        "android_client_info": {
          "package_name": "com.example.quizapp"
        }
      },
      "oauth_client": [
        {
          "client_id": "19340342400-jh58774vunrhj07sv3cpofg557ellp4o.apps.googleusercontent.com",
          "client_type": 3
        }
      ],
      "api_key": [
        {
          "current_key": "AIzaSyBre-moR2M2mO8bhEVEe3nfzdkoyBzQ_fI"
        }
      ],
      "services": {
        "appinvite_service": {
          "other_platform_oauth_client": [
            {
              "client_id": "19340342400-jh58774vunrhj07sv3cpofg557ellp4o.apps.googleusercontent.com",
              "client_type": 3
            }
          ]
        }
      }
    }
  ],
  "configuration_version": "1"
}